onset	duration	trial_type
30.311	1	Con
36.31	1	InCon
42.31	1	Con
45.926	1	Con
51.926	1	InCon
57.925	1	Con
62.725	1	InCon
67.524	1	Con
71.124	1	Con
75.923	1	InCon
80.723	1	InCon
84.323	1	InCon
87.922	1	InCon
92.722	1	InCon
98.721	1	Con
103.521	1	Con
109.52	1	Con
115.52	1	Con
119.119	1	Con
125.119	1	Con
128.718	1	Con
133.518	1	Con
137.118	1	Con
141.917	1	InCon
145.517	1	Con
149.117	1	Con
153.916	1	Con
157.516	1	Con
163.515	1	InCon
168.315	1	Con
171.914	1	InCon
177.914	1	Con
183.913	1	InCon
189.913	1	Con
193.512	1	Con
198.312	1	Con
233.125	1	Con
236.725	1	Con
241.525	1	Con
246.324	1	Con
251.124	1	InCon
254.723	1	Con
260.723	1	Con
265.522	1	Con
271.522	1	InCon
277.521	1	Con
281.121	1	Con
287.12	1	Con
290.72	1	InCon
294.32	1	Con
300.319	1	InCon
306.319	1	Con
309.918	1	Con
314.718	1	Con
320.717	1	InCon
324.317	1	Con
330.316	1	Con
335.116	1	Con
338.716	1	InCon
343.515	1	Con
348.315	1	InCon
353.114	1	InCon
356.714	1	InCon
361.513	1	Con
366.313	1	Con
372.312	1	InCon
375.912	1	Con
379.512	1	InCon
385.511	1	Con
391.511	1	Con
396.31	1	Con
399.91	1	InCon
435.923	1	Con
440.723	1	Con
445.522	1	Con
449.122	1	Con
453.921	1	Con
458.721	1	Con
462.321	1	Con
465.92	1	Con
471.92	1	Con
477.919	1	InCon
481.519	1	Con
487.518	1	InCon
493.518	1	Con
497.117	1	InCon
503.117	1	Con
509.116	1	InCon
513.916	1	Con
519.915	1	Con
524.715	1	Con
529.514	1	Con
533.114	1	Con
536.714	1	InCon
540.313	1	InCon
545.113	1	InCon
551.112	1	Con
554.712	1	InCon
558.312	1	Con
563.111	1	InCon
567.911	1	Con
573.91	1	Con
579.91	1	InCon
583.526	1	Con
588.326	1	Con
594.325	1	InCon
597.925	1	InCon
603.924	1	Con
